# Simple Icons title, verified source domain and display colour
2k	2K	2k.com	DD0700
rockstargames	Rockstar Games	rockstargames.com	FCAF17
wegame	WeGame		FAAB00
eslgaming	ESLGaming	eslgaming.com	FFFF09
heroicgameslauncher	Heroic Games Launcher		4B93FF
gameloft	Gameloft	gameloft.com	AAB6C2
boardgamegeek	BoardGameGeek	boardgamegeek.com	FF5100
playstationvita	PlayStation Vita		AAB6C2
sega	Sega		0089CF
squareenix	Square Enix		ED1C24
gamescience	Game Science		AAB6C2
steamworks	Steamworks		AAB6C2
gamejolt	Game Jolt	gamejolt.com	CCFF00
gamebanana	GameBanana	gamebanana.com	FCEF40
pcgamingwiki	PCGamingWiki	pcgamingwiki.com	556DB3
robloxstudio	Roblox Studio		00A2FF
playstation2	PlayStation 2		AAB6C2
redcandlegames	Red Candle Games	redcandlegames.com	D23735
steamdeck	Steam Deck		1A9FFF
playstation3	PlayStation 3		AAB6C2
steamdb	SteamDB	steamdb.info	AAB6C2
youtubegaming	YouTube Gaming		FF0000
playstation4	PlayStation 4		AAB6C2
atari	Atari		E4202E
playstation5	PlayStation 5		AAB6C2
playstationportable	PlayStation Portable		AAB6C2
rubygems	RubyGems	rubygems.org	E9573F
twinmotion	Twinmotion	twinmotion.com	AAB6C2
uservoice	UserVoice	uservoice.com	FF6720
qualtrics	Qualtrics	qualtrics.com	00B4EF
splunk	Splunk	splunk.com	AAB6C2
linuxfoundation	Linux Foundation	linuxfoundation.org	AAB6C2
v8	V8	v8.dev	4B8BF5
sketchfab	Sketchfab	sketchfab.com	1CAAD9
nba	NBA	nba.com	AAB6C2
fitbit	Fitbit	fitbit.com	00B0B9
scopus	Scopus	scopus.com	E9711C
smartthings	SmartThings	smartthings.com	15BFFF
cinny	Cinny	cinny.in	AAB6C2
notebooklm	NotebookLM	notebooklm.google	AAB6C2
atomgit	AtomGit	atomgit.com	DA203E
element	Element	element.io	0DBD8B
proton	Proton	proton.me	6D4AFF
netdata	Netdata	netdata.cloud	00AB44
deepl	DeepL	deepl.com	AAB6C2
shazam	Shazam	shazam.com	0088FF
dependabot	Dependabot	dependabot.com	025E8C
groupme	GroupMe	groupme.com	00AFF0
spring	Spring	spring.io	6DB33F
beatsbydre	Beats by Dre	beatsbydre.com	E01F3D
qwen	QWen	qwen.ai	6950EF
bnbchain	BNB Chain	bnbchain.org	F0B90B
truenas	TrueNAS	truenas.com	0095D5
boosty	Boosty	boosty.to	F15F2C
newrelic	New Relic	newrelic.com	1CE783
flathub	Flathub	flathub.org	AAB6C2
waze	Waze	waze.com	33CCFF
microbit	micro:bit	microbit.org	00ED00
virtualbox	VirtualBox	virtualbox.org	2F61B4
leagueoflegends	League of Legends	leagueoflegends.com	C28F2C
behance	Behance	behance.net	1769FF
gitter	Gitter	gitter.im	ED1965
deepmind	DeepMind	deepmind.google	4285F4
hyper	Hyper	hyper.is	AAB6C2
unrealengine	Unreal Engine	unrealengine.com	AAB6C2
elastic	Elastic	elastic.co	005571
bazel	Bazel	bazel.build	43A047
jitpack	JitPack	jitpack.io	AAB6C2
wattpad	Wattpad	wattpad.com	FF500A
thunderbird	Thunderbird	thunderbird.net	0A84FF
gitcode	GitCode	gitcode.com	DA203E
fandango	Fandango	fandango.com	FF7300
venmo	Venmo	venmo.com	008CFF
tensorflow	TensorFlow	tensorflow.org	FF6F00
epicgames	Epic Games	epicgames.com	AAB6C2
ton	TON	ton.org	0098EA
mailchimp	MailChimp	mailchimp.com	FFE01B
1password	1Password	1password.com	145FE4
apache	Apache	apache.org	D22128
auth0	Auth0	auth0.com	EB5424
tinkercad	Tinkercad	tinkercad.com	1477D1
harmonyos	HarmonyOS	harmonyos.com	AAB6C2
riotgames	Riot Games	riotgames.com	EB0029
coreldraw	CorelDRAW	coreldraw.com	AAB6C2
mendeley	Mendeley	mendeley.com	9D1620
fubo	Fubo	fubo.tv	C83D1E
webrtc	WebRTC	webrtc.org	AAB6C2
trendmicro	Trend Micro	trendmicro.com	D71921
channel4	Channel 4	channel4.com	AAFF89
chef	Chef	chef.io	F09820
speedtest	Speedtest	speedtest.net	AAB6C2
blackberry	Blackberry	blackberry.com	AAB6C2
here	HERE	here.com	00AFAA
phpbb	phpBB	phpbb.com	009BDF
leetcode	LeetCode	leetcode.com	FFA116
keeper	Keeper	keeper.io	FFC700
deepcool	DeepCool	deepcool.com	068584
ethiopianairlines	Ethiopian Airlines	ethiopianairlines.com	648B1A
beatport	Beatport	beatport.com	01FF95
rancher	Rancher	rancher.com	0075A8
payhip	Payhip	payhip.com	5C6AC4
codemagic	Codemagic	codemagic.io	F45E3F
paychex	Paychex	paychex.com	AAB6C2
openbugbounty	Open Bug Bounty	openbugbounty.org	F67909
codeproject	CodeProject	codeproject.com	FF9900
aftership	AfterShip	aftership.com	FF6B2B
v0	v0	v0.dev	AAB6C2
gleam	Gleam	gleam.run	FFAFF3
sailfishos	Sailfish OS	sailfishos.org	AAB6C2
stackbit	Stackbit	stackbit.com	207BEA
youhodler	YouHodler	youhodler.com	546DF9
knip	Knip	knip.dev	F56E0F
couchbase	Couchbase	couchbase.com	EA2328
penny	Penny	penny.de	CD1414
swagger	Swagger	swagger.io	85EA2D
4d	4D	4d.com	AAB6C2
sessionize	Sessionize	sessionize.com	1AB394
picpay	PicPay	picpay.com	21C25E
icons8	Icons8	icons8.com	1FB141
datto	Datto	datto.com	199ED9
storyblok	Storyblok	storyblok.com	09B3AF
wgpu	wgpu	wgpu.rs	40E0D0
99designs	99designs	99designs.com	FE5F50
nikon	Nikon	nikon.com	FFE100
untappd	Untappd	untappd.com	FFC000
silverairways	Silver Airways	silverairways.com	D0006F
appveyor	AppVeyor	appveyor.com	00B3E0
bosch	Bosch	bosch.de	EA0016
formbricks	Formbricks	formbricks.com	00C4B8
uniqlo	Uniqlo	uniqlo.com	FF0000
tcs	Tata Consultancy Services	tcs.com	EE3984
coinmarketcap	CoinMarketCap	coinmarketcap.com	AAB6C2
testin	Testin	testin.cn	007DD7
underarmour	Under Armour	underarmour.com	AAB6C2
meilisearch	Meilisearch	meilisearch.com	FF5CAA
gocd	GoCD	gocd.org	94399E
builtbybit	BuiltByBit	builtbybit.com	2D87C3
plesk	Plesk	plesk.com	52BBE6
galaxus	Galaxus	galaxus.de	AAB6C2
kaufland	Kaufland	kaufland.com	E10915
comptia	CompTIA	comptia.org	C8202F
adminer	Adminer	adminer.org	34567C
dolby	Dolby	dolby.com	AAB6C2
infoq	InfoQ	infoq.com	2C6CAF
fluentd	Fluentd	fluentd.org	0E83C8
premierleague	Premier League	premierleague.com	AAB6C2
picxy	Picxy	picxy.com	AAB6C2
postcss	PostCSS	postcss.org	DD3A0A
dinersclub	Diners Club	dinersclub.com	004C97
bun	Bun	bun.sh	AAB6C2
hackerrank	HackerRank	hackerrank.com	00EA64
frigate	Frigate	frigate.video	AAB6C2
pixabay	Pixabay	pixabay.com	AAB6C2
statuspal	Statuspal	statuspal.io	4934BF
photobucket	Photobucket	photobucket.com	1C47CB
rtl	RTL	rtl.de	FA002E
airindia	Air India	airindia.com	DA0E29
spdx	SPDX	spdx.org	4398CC
dblp	dblp	dblp.org	004F9F
bitwig	Bitwig	bitwig.com	FF5A00
plangrid	PlanGrid	plangrid.com	0085DE
tangled	Tangled	tangled.org	AAB6C2
barmenia	Barmenia	barmenia.de	009FE3
jsfiddle	JSFiddle	jsfiddle.net	0084FF
wasabi	Wasabi	wasabi.com	01CD3E
turbosquid	TurboSquid	turbosquid.com	FF8135
shadow	Shadow	shadow.tech	AAB6C2
mlb	MLB	mlb.com	AAB6C2
hexlet	Hexlet	hexlet.io	116EF5
esotericsoftware	Esoteric Software	esotericsoftware.com	3FA9F5
datocms	DatoCMS	datocms.com	FF7751
symphony	Symphony	symphony.com	0098FF
ansible	Ansible	ansible.com	EE0000
wappalyzer	Wappalyzer	wappalyzer.com	AAB6C2
openmined	OpenMined	openmined.org	ED986C
fcc	FCC	fcc.gov	AAB6C2
octobercms	October CMS	octobercms.com	DB6A26
legacygames	Legacy Games	legacygames.com	144B9E
fauna	Fauna	fauna.com	AAB6C2
dunked	Dunked	dunked.com	2DA9D7
answer	Answer	answer.dev	0033FF
blibli	Blibli	blibli.com	0072FF
vectary	Vectary	vectary.com	6100FF
bisecthosting	BisectHosting	bisecthosting.com	AAB6C2
comsol	Comsol	comsol.com	368CCB
pleroma	Pleroma	pleroma.social	FBA457
boulanger	boulanger	boulanger.com	FD5300
gradle	Gradle	gradle.com	AAB6C2
codingninjas	Coding Ninjas	codingninjas.com	DD6620
plume	Plume	plume.com	7C5CDF
rainyun	RainYun	rainyun.com	DAD9D9
phonepe	PhonePe	phonepe.com	AAB6C2
changedetection	Change Detection	changedetection.io	3056D3
intigriti	Intigriti	intigriti.com	AAB6C2
fila	Fila	fila.com	AAB6C2
viblo	Viblo	viblo.asia	5387C6
airfrance	Air France	airfrance.fr	AAB6C2
ros	ROS	ros.org	AAB6C2
virustotal	VirusTotal	virustotal.com	394EFF
expensify	Expensify	expensify.com	0185FF
studio3t	Studio 3T	studio3t.com	17AF66
anichart	AniChart	anichart.net	41B1EA
trustedshops	Trusted Shops	trustedshops.com	FFDC0F
payloadcms	Payload CMS	payloadcms.com	AAB6C2
bugcrowd	Bugcrowd	bugcrowd.com	F26822
pomerium	Pomerium	pomerium.com	6F43E7
codestream	CodeStream	codestream.com	008C99
carrd	Carrd	carrd.co	596CAF
tablecheck	TableCheck	tablecheck.com	7935D2
qgis	QGIS	qgis.org	589632
stackoverflow	Stack Overflow	stackoverflow.design	F58025
hashcat	Hashcat	hashcat.net	FFFFFF
bungie	Bungie	bungie.net	0075BB
kickstarter	Kickstarter	kickstarter.com	05CE78
php	PHP	php.net	777BB4
glass	Glass	glass.photo	FFCC00
kiwix	Kiwix	kiwix.org	AAB6C2
centos	CentOS	centos.org	AAB6C2
codementor	Codementor	codementor.io	AAB6C2
lintcode	LintCode	lintcode.com	13B4FF
sahibinden	Sahibinden	sahibinden.com	FFE800
telenor	Telenor	telenor.no	00C8FF
neo4j	Neo4j	neo4j.com	4581C3
modelscope	ModelScope	modelscope.cn	624AFF
vivaldi	Vivaldi	vivaldi.com	EF3939
breaker	Breaker	breaker.audio	AAB6C2
nhl	NHL	nhl.com	AAB6C2
dataiku	Dataiku	dataiku.com	2AB1AC
codio	Codio	codio.com	4574E0
matomo	Matomo	matomo.org	3152A0
klm	KLM	klm.com	00A1DE
ifttt	IFTTT	ifttt.com	AAB6C2
anta	Anta	anta.com	D70010
akiflow	Akiflow	akiflow.com	AF38F9
tinyletter	TinyLetter	tinyletter.com	ED1C24
365datascience	365 Data Science	365datascience.com	AAB6C2
lufthansa	Lufthansa	lufthansa.com	AAB6C2
ring	Ring	ring.com	1C9AD6
nebula	Nebula	nebula.tv	2CADFE
htc	HTC	htc.com	A5CF4C
blockbench	Blockbench	blockbench.net	1E93D9
dreamstime	Dreamstime	dreamstime.com	50A901
tarteaucitron	Tarteaucitron	tarteaucitron.io	F7D917
passbolt	Passbolt	passbolt.com	D40101
animalplanet	Animal Planet	animalplanet.com	0073FF
aframe	A-Frame	aframe.io	EF2D5E
dragonframe	Dragonframe	dragonframe.com	D4911E
prometheus	Prometheus	prometheus.io	E6522C
tietoevry	TietoEVRY	tietoevry.com	AAB6C2
codecov	Codecov	codecov.io	F01F7A
rte	RTÉ	rte.ie	00A7B3
heroui	HeroUI	heroui.com	AAB6C2
keepachangelog	Keep a Changelog	keepachangelog.com	E05735
onlyoffice	ONLYOFFICE	onlyoffice.com	AAB6C2
myanimelist	MyAnimeList	myanimelist.net	2E51A2
formik	Formik	formik.org	2563EB
sololearn	Sololearn	sololearn.com	149EF2
piaggiogroup	Piaggio Group	piaggiogroup.com	AAB6C2
renpy	Ren'Py	renpy.org	FF7F7F
upcloud	UpCloud	upcloud.com	7B00FF
drupal	Drupal	drupal.org	0678BE
indiehackers	Indie Hackers	indiehackers.com	AAB6C2
mangacollec	Mangacollec	mangacollec.com	DA1F05
zara	Zara	zara.com	AAB6C2
showwcase	Showwcase	showwcase.com	AAB6C2
paperswithcode	Papers With Code	paperswithcode.com	21CBCE
ankermake	AnkerMake	ankermake.com	88F387
reebok	Reebok	reebok.com	E41D1B
apmterminals	APM Terminals	apmterminals.com	FF6441
orange	Orange	orange.com	FF7900
neon	Neon	neon.com	34D59A
alpinelinux	Alpine Linux	alpinelinux.org	0D597F
stackblitz	StackBlitz	stackblitz.com	1269D3
devuan	Devuan	devuan.org	AAB6C2
salla	Salla	salla.com	BAF3E6
pagerduty	PagerDuty	pagerduty.com	06AC38
processingfoundation	Processing Foundation	processingfoundation.org	006699
distrokid	Distrokid	distrokid.com	AAB6C2
skypack	Skypack	skypack.dev	3167FF
geopandas	GeoPandas	geopandas.org	139C5A
expo	Expo	expo.dev	AAB6C2
ntfy	ntfy	ntfy.sh	317F6F
xero	Xero	xero.com	13B5EA
bitrise	Bitrise	bitrise.io	683D87
formspree	Formspree	formspree.io	E5122E
ngrx	NgRx	ngrx.io	BA2BD2
nextdoor	Nextdoor	nextdoor.com	8ED500
thingiverse	Thingiverse	thingiverse.com	248BFB
groupon	Groupon	groupon.com	53A318
gitpod	Gitpod	gitpod.io	FFAE33
bugatti	Bugatti	bugatti.com	AAB6C2
surveymonkey	SurveyMonkey	surveymonkey.com	00BF6F
fizz	Fizz	fizz.ca	00D672
spectrum	Spectrum	spectrum.chat	7B16FF
traxsource	Traxsource	traxsource.com	40A0FF
semrush	Semrush	semrush.com	FF642D
datastax	DataStax	datastax.com	AAB6C2
jetblue	JetBlue	jetblue.com	AAB6C2
stackshare	StackShare	stackshare.io	0690FA
geocaching	Geocaching	geocaching.com	00874D
bambulab	Bambu Lab	bambulab.com	00AE42
auchan	Auchan	auchan.fr	D6180B
nuxt	Nuxt	nuxt.com	00DC82
stellar	Stellar	stellar.org	FDDA24
astro	Astro	astro.build	BC52EE
civo	Civo	civo.com	239DFF
joomla	Joomla	joomla.org	5091CD
namebase	Namebase	namebase.io	0068FF
similarweb	Similarweb	similarweb.com	AAB6C2
sui	Sui	sui.io	4DA2FF
mautic	Mautic	mautic.org	4E5E9E
mediamarkt	MediaMarkt	mediamarkt.de	DF0000
anycubic	Anycubic	anycubic.com	476695
rescuetime	RescueTime	rescuetime.com	AAB6C2
bitsy	Bitsy	bitsy.org	6767B2
theconversation	The Conversation	theconversation.com	D8352A
ryanair	Ryanair	ryanair.com	AAB6C2
livekit	LiveKit	livekit.io	FFFFFF
kashflow	KashFlow	kashflow.com	E5426E
isc2	ISC2	isc2.org	468145
inkscape	Inkscape	inkscape.org	AAB6C2
materialdesignicons	Material Design Icons	materialdesignicons.com	2196F3
wireguard	WireGuard	wireguard.com	AAB6C2
bigcartel	Big Cartel	bigcartel.com	AAB6C2
netim	Netim	netim.com	FE8427
fareharbor	FareHarbor	fareharbor.com	0A6ECE
jellyfin	Jellyfin	jellyfin.org	00A4DC
trainerroad	TrainerRoad	trainerroad.com	DA291C
mediafire	MediaFire	mediafire.com	1299F3
dovetail	Dovetail	dovetail.com	AAB6C2
frontendmentor	Frontend Mentor	frontendmentor.io	3F54A3
metafilter	MetaFilter	metafilter.com	065A8F
mullvad	Mullvad	mullvad.net	294D73
migadu	Migadu	migadu.com	0043CE
nokia	Nokia	nokia.com	005AFF
cloudfoundry	Cloud Foundry	cloudfoundry.org	0C9ED5
paytm	Paytm	paytm.com	AAB6C2
houzz	Houzz	houzz.com	4DBC15
polygon	Polygon	polygon.technology	7B3FE4
elgato	Elgato	elgato.com	AAB6C2
theodinproject	The Odin Project	theodinproject.com	A9792B
fawry	Fawry	fawry.com	FFD300
farcaster	Farcaster	farcaster.xyz	855DCD
topcoder	Topcoder	topcoder.com	29A7DF
voidlinux	Void Linux	voidlinux.org	478061
soundcharts	Soundcharts	soundcharts.com	AAB6C2
nestjs	NestJS	nestjs.com	E0234E
jdoodle	JDoodle	jdoodle.com	FD5200
startrek	Star Trek	startrek.com	FFE200
verdaccio	Verdaccio	verdaccio.org	4B5E40
databricks	Databricks	databricks.com	FF3621
enterprisedb	EnterpriseDB	enterprisedb.com	FF3E00
csswizardry	CSS Wizardry	csswizardry.com	F43059
pnpm	pnpm	pnpm.io	F69220
poly	Poly	poly.com	EB3C00
lospec	Lospec	lospec.com	EAEAEA
continente	Continente	continente.pt	E31E24
lining	Li-Ning	lining.com	C5242C
podman	Podman	podman.io	892CA0
cloudera	Cloudera	cloudera.com	F96702
localxpose	LocalXpose	localxpose.io	6023C0
mix	Mix	mix.com	FF8126
nzxt	NZXT	nzxt.com	AAB6C2
wpengine	WP Engine	wpengine.com	0ECAD4
hackmd	HackMD	hackmd.io	453AFF
tado	tado°	tado.com	FFA900
linphone	Linphone	linphone.org	FF5E00
mewe	MeWe	mewe.com	AAB6C2
mural	Mural	mural.co	FF4B4B
dpd	DPD	dpd.com	DC0032
freshrss	FreshRSS	freshrss.org	0062BE
siemens	Siemens	siemens.com	009999
tradingview	TradingView	tradingview.com	AAB6C2
arstechnica	Ars Technica	arstechnica.com	FF4E00
kubuntu	Kubuntu	kubuntu.org	0079C1
makerbot	MakerBot	makerbot.com	FF1E0D
adafruit	Adafruit	adafruit.com	AAB6C2
sonos	Sonos	sonos.com	AAB6C2
mapillary	Mapillary	mapillary.com	00AF66
ssrn	SSRN	ssrn.com	AAB6C2
godox	Godox	godox.com	FF6600
modx	MODX	modx.com	AAB6C2
koyeb	Koyeb	koyeb.com	AAB6C2
codenewbie	CodeNewbie	codenewbie.org	9013FE
spigotmc	SpigotMC	spigotmc.org	ED8106
gotomeeting	GoToMeeting	gotomeeting.com	F68D2E
irobot	iRobot	irobot.com	6CB86A
toyota	Toyota	toyota.com	EB0A1E
gatling	Gatling	gatling.io	FF9E2A
freelancer	Freelancer	freelancer.com	29B2FE
padlet	Padlet	padlet.com	FF4081
castbox	Castbox	castbox.fm	F55B23
1001tracklists	1001Tracklists	1001tracklists.com	40AEF0
tacobell	Taco Bell	tacobell.com	AAB6C2
moqups	Moqups	moqups.com	006BE5
cyberdefenders	CyberDefenders	cyberdefenders.org	335EEA
okcupid	okcupid	okcupid.com	AAB6C2
beekeeperstudio	Beekeeper Studio	beekeeperstudio.io	FAD83B
bvg	BVG	bvg.de	F0D722
netgear	NETGEAR	netgear.de	AAB6C2
sifive	SiFive	sifive.com	AAB6C2
woocommerce	WooCommerce	woocommerce.com	96588A
airbus	Airbus	airbus.com	AAB6C2
moodle	Moodle	moodle.com	F98012
kia	Kia	kia.com	AAB6C2
omarchy	Omarchy	omarchy.org	9ECE6A
chatbot	ChatBot	chatbot.design	0066FF
astonmartin	Aston Martin	astonmartin.com	00665E
liquibase	Liquibase	liquibase.com	2962FF
guilded	Guilded	guilded.gg	F5C400
500px	500px	500px.com	AAB6C2
weasyl	Weasyl	weasyl.com	AAB6C2
codesandbox	CodeSandbox	codesandbox.io	AAB6C2
unstop	Unstop	unstop.com	AAB6C2
abbvie	Abbvie	abbvie.com	AAB6C2
razorpay	Razorpay	razorpay.com	AAB6C2
kleinanzeigen	Kleinanzeigen	kleinanzeigen.de	AAB6C2
eyeem	EyeEm	eyeem.com	AAB6C2
pdq	PDQ	pdq.com	AAB6C2
gojek	Gojek	gojek.com	00AA13
srgssr	SRG SSR	srgssr.ch	AF001E
coffeescript	CoffeeScript	coffeescript.org	AAB6C2
uml	UML	uml.org	FABD14
magic	Magic	magic.link	6851FF
nicehash	NiceHash	nicehash.com	FBC342
mangaupdates	MangaUpdates	mangaupdates.com	FF8C15
showpad	Showpad	showpad.com	AAB6C2
airtransat	Air Transat	airtransat.com	AAB6C2
tether	Tether	tether.to	50AF95
dash0	Dash0	dash0.com	EA3D3B
komoot	Komoot	komoot.com	6AA127
rasa	Rasa	rasa.com	5A17EE
winamp	Winamp	winamp.com	F93821
stencyl	Stencyl	stencyl.com	AAB6C2
porkbun	Porkbun	porkbun.design	EF7878
camunda	Camunda	camunda.com	FC5D0D
mailtrap	Mailtrap	mailtrap.io	22D172
fedex	FedEx	fedex.com	AAB6C2
keenetic	Keenetic	keenetic.com	009EE2
carto	Carto	carto.com	EB1510
odoo	Odoo	odoo.com	714B67
arc	Arc	arc.net	FCBFBD
paddypower	Paddy Power	paddypower.com	AAB6C2
virgin	Virgin	virgin.com	E10A0A
seagate	Seagate	seagate.com	6EBE49
fontforge	FontForge	fontforge.org	F2712B
arlo	Arlo	arlo.com	49B48A
airtable	Airtable	airtable.com	18BFFF
unacademy	Unacademy	unacademy.com	08BD80
activitypub	ActivityPub	activitypub.rocks	F1007E
coppel	Coppel	coppel.com	0266AE
circuitverse	CircuitVerse	circuitverse.org	42B883
loops	Loops	loops.so	FC5200
turso	Turso	turso.tech	4FF8D2
bookmyshow	BookMyShow	bookmyshow.com	C4242B
jpeg	JPEG	jpeg.org	8A8A8A
stubhub	StubHub	stubhub.com	AAB6C2
openssl	OpenSSL	openssl.org	AAB6C2
fujifilm	Fujifilm	fujifilm.com	FB0020
totvs	TOTVS	totvs.com	AAB6C2
bento	Bento	bento.me	768CFF
jenkins	Jenkins	jenkins.io	D24939
drizzle	Drizzle	drizzle.team	C5F74F
ebox	EBOX	ebox.ca	BE2323
languagetool	LanguageTool	languagetool.org	45A1FC
postiz	Postiz	postiz.com	612BD3
cesium	Cesium	cesium.com	6CADDF
securityscorecard	SecurityScorecard	securityscorecard.com	7033FD
tokio	Tokio	tokio.rs	AAB6C2
codacy	Codacy	codacy.com	AAB6C2
crunchbase	Crunchbase	crunchbase.com	0288D1
talenthouse	Talenthouse	talenthouse.com	AAB6C2
starlingbank	Starling Bank	starlingbank.com	6935D3
aeroflot	Aeroflot	aeroflot.ru	AAB6C2
nissan	Nissan	nissan.ie	C3002F
snowpack	Snowpack	snowpack.dev	2E5E82
trailforks	Trailforks	trailforks.com	FFCD00
aeromexico	Aeroméxico	aeromexico.com	AAB6C2
analogue	Analogue	analogue.co	AAB6C2
codeclimate	Code Climate	codeclimate.com	AAB6C2
speakerdeck	Speaker Deck	speakerdeck.com	009287
gurobi	Gurobi	gurobi.com	EE3524
gentoo	Gentoo	gentoo.org	54487A
lemonsqueezy	Lemon Squeezy	lemonsqueezy.com	FFC233
near	NEAR	near.org	AAB6C2
oclc	OCLC	oclc.org	007DBA
picrew	Picrew	picrew.me	FFBD16
redmine	Redmine	redmine.org	B32024
lbry	LBRY	lbry.com	2F9176
paperspace	Paperspace	paperspace.com	AAB6C2
fujitsu	Fujitsu	fujitsu.com	FF0000
accusoft	Accusoft	accusoft.com	A9225C
postmates	Postmates	postmates.com	FFDF18
iconify	Iconify	iconify.design	026C9C
pexels	Pexels	pexels.com	05A081
moo	Moo	moo.com	00945E
prosieben	ProSieben	prosieben.de	E6000F
root	ROOT	root.cern	1ED3E4
ingress	Ingress	ingress.com	783CBD
man	MAN	man.eu	E40045
processwire	ProcessWire	processwire.com	2480E6
tarom	TAROM	tarom.ro	AAB6C2
akasaair	Akasa Air	akasaair.com	FF6300
elegoo	Elegoo	elegoo.com	AAB6C2
zomato	Zomato	zomato.com	E23744
supermicro	Supermicro	supermicro.com	AAB6C2
infinityfree	InfinityFree	infinityfree.com	7738C8
clyp	Clyp	clyp.it	3CBDB1
kinsta	Kinsta	kinsta.com	5333ED
spoj	Sphere Online Judge	spoj.com	337AB7
puppet	Puppet	puppet.com	FFAE1A
statista	Statista	statista.com	AAB6C2
edeka	EDEKA	edeka.de	1B66B3
graylog	Graylog	graylog.org	FF3633
jbl	JBL	jbl.com	FF3300
furaffinity	Fur Affinity	furaffinity.net	36566F
almalinux	AlmaLinux	almalinux.org	AAB6C2
ufc	UFC	ufc.com	D20A0A
cloudbees	CloudBees	cloudbees.com	1997B5
embarcadero	Embarcadero	embarcadero.com	ED1F35
ecovacs	Ecovacs	ecovacs.com	AAB6C2
qemu	QEMU	qemu.org	FF6600
mitsubishi	Mitsubishi	mitsubishi.com	E60012
onstar	OnStar	onstar.com	AAB6C2
g2	G2	g2.com	FF492C
teratail	teratail	teratail.com	F4C51C
immersivetranslate	Immersive Translate	immersivetranslate.com	EA4C89
accenture	Accenture	accenture.com	A100FF
asana	Asana	asana.com	F06A6A
manjaro	Manjaro	manjaro.org	35BFA4
datacamp	DataCamp	datacamp.com	03EF62
obsidian	Obsidian	obsidian.md	7C3AED
ethers	Ethers	ethers.org	AAB6C2
educative	Educative	educative.io	4951F5
adonisjs	AdonisJS	adonisjs.com	5A45FF
kueski	Kueski	kueski.com	0075FF
freecad	FreeCAD	freecad.org	418FDE
pivotaltracker	Pivotal Tracker	pivotaltracker.com	517A9E
tabelog	Tabelog	tabelog.com	F2CC38
frontify	Frontify	frontify.com	AAB6C2
gumtree	Gumtree	gumtree.com	72EF36
delta	Delta	delta.com	AAB6C2
roundcube	Roundcube	roundcube.net	37BEFF
vivino	Vivino	vivino.com	A61A30
drooble	Drooble	drooble.com	19C4BE
teepublic	TeePublic	teepublic.design	4E64DF
zerodha	Zerodha	zerodha.com	387ED1
alternativeto	AlternativeTo	alternativeto.net	0289D5
redsys	Redsys	redsys.es	DC7C26
moleculer	Moleculer	moleculer.services	3CAFCE
awesomewm	awesomeWM	awesomewm.org	535D6C
listenhub	ListenHub	listenhub.ai	AAB6C2
songoda	Songoda	songoda.com	FC494A
pioneerdj	Pioneer DJ	pioneerdj.com	AAB6C2
wizzair	Wizz Air	wizzair.com	C6007E
opslevel	OpsLevel	opslevel.com	0A53E0
baserow	Baserow	baserow.io	5190EF
jouav	JOUAV	jouav.com	E1B133
opensea	OpenSea	opensea.io	2081E2
norwegian	Norwegian	norwegian.com	D81939
smart	smart	smart.com	D7E600
nutanix	Nutanix	nutanix.com	024DA1
pagekit	Pagekit	pagekit.com	AAB6C2
wipro	Wipro	wipro.com	AAB6C2
plotly	Plotly	plotly.com	7A76FF
bitdefender	Bitdefender	bitdefender.com	ED1C24
ultralytics	Ultralytics	ultralytics.com	AAB6C2
byjus	Byju's	byjus.com	813588
progate	Progate	progate.com	AAB6C2
typeform	Typeform	typeform.com	AAB6C2
cypress	Cypress	cypress.io	69D3A7
cardano	Cardano	cardano.org	AAB6C2
threema	Threema	threema.ch	3FE669
printables	Printables	printables.com	FA6831
meetup	Meetup	meetup.com	ED1C40
spacemacs	Spacemacs	spacemacs.org	9266CC
checkmk	Checkmk	checkmk.com	15D1A0
codebuddy	CodeBuddy	codebuddy.cn	6C4DFF
robinhood	Robinhood	robinhood.com	CCFF00
taipy	Taipy	taipy.io	FF371A
gitkraken	GitKraken	gitkraken.com	179287
hoppscotch	Hoppscotch	hoppscotch.com	AAB6C2
privatedivision	Private Division	privatedivision.com	AAB6C2
suno	Suno	suno.com	AAB6C2
bitcoincash	Bitcoin Cash	bitcoincash.org	0AC18E
ripple	Ripple	ripple.com	0085C0
sketchup	SketchUp	sketchup.com	005F9E
sabanci	Sabanci	sabanci.com	004B93
calendly	Calendly	calendly.com	006BFF
futurelearn	FutureLearn	futurelearn.com	DE00A5
elavon	Elavon	elavon.com	AAB6C2
cloud66	Cloud 66	cloud66.com	3C72B9
zillow	Zillow	zillow.com	006AFF
crowdin	Crowdin	crowdin.com	AAB6C2
borgbackup	BorgBackup	borgbackup.org	00DD00
